candidate_id,name,state,race_ethnicity,gender,age,office_level,training_completed,election_outcome,partner_id
CND0001,Avery Davis,MO,AAPI,Man,39,Local,True,Won,PAR075
CND0002,Drew Anderson,NC,White,Man,35,Local,False,TBD,PAR039
CND0003,Casey Martin,NC,Multiracial,Man,40,State,False,Won,PAR039
CND0004,Jamie Martinez,OR,AAPI,Woman,46,State,True,TBD,PAR071
CND0005,Quinn Garcia,NC,White,Man,34,Local,True,TBD,PAR040
CND0006,Quinn Thompson,FL,Latinx,Man,34,State,False,Lost,PAR057
CND0007,Parker Garcia,OH,AAPI,Man,47,Local,False,TBD,PAR053
CND0008,Drew Thomas,MI,Latinx,Woman,41,Local,True,TBD,PAR008
CND0009,Taylor Johnson,NV,White,Man,32,Local,True,Won,PAR046
CND0010,Reese Davis,FL,Black,Man,39,Local,True,TBD,PAR060
CND0011,Alex Hernandez,NY,Indigenous,Woman,32,State,False,Lost,PAR042
CND0012,Drew Martinez,AZ,Latinx,Man,32,Local,True,Lost,PAR025
CND0013,Riley White,MN,White,Woman,37,Local,True,TBD,PAR009
CND0014,Reese Williams,NM,Black,Man,22,State,False,Lost,PAR052
CND0015,Parker Anderson,GA,Black,Woman,23,State,True,Won,PAR021
CND0016,Casey Garcia,NV,White,Man,32,Local,False,TBD,PAR048
CND0017,Casey Martin,TX,White,Woman,28,Local,True,TBD,PAR029
CND0018,Sam Moore,OH,AAPI,Woman,38,Local,False,Lost,PAR056
CND0019,Elliot Lewis,AZ,Latinx,Woman,29,Local,True,TBD,PAR028
CND0020,Drew Davis,MI,White,Man,26,State,True,TBD,PAR007
CND0021,Riley Thompson,VA,White,Woman,46,Local,False,Lost,PAR062
CND0022,Jordan Hernandez,AZ,Latinx,Man,34,Local,False,Lost,PAR025
CND0023,Morgan Thompson,MO,White,Man,36,Local,True,Won,PAR074
CND0024,Rowan White,GA,White,Woman,26,Local,False,Lost,PAR021
CND0025,Casey Lee,MO,White,Woman,32,Local,True,Won,PAR076
CND0026,Jamie Moore,OR,Black,Man,36,Federal,True,TBD,PAR071
CND0027,Riley Garcia,MI,Latinx,Woman,27,Federal,True,Lost,PAR005
CND0028,Morgan Nguyen,NV,White,Man,38,Local,False,Won,PAR045
CND0029,Cameron Brown,TX,White,Woman,31,Federal,True,Lost,PAR030
CND0030,Jordan Thomas,FL,White,Man,33,State,True,Lost,PAR058
CND0031,Skyler Jackson,NM,White,Woman,31,Federal,True,TBD,PAR051
CND0032,Chris Clark,OR,Black,Man,48,Local,True,TBD,PAR071
CND0033,Riley Johnson,IL,Latinx,Man,35,Local,False,Lost,PAR013
CND0034,Elliot Martin,NV,White,Woman,28,State,False,Won,PAR047
CND0035,Sam Hernandez,FL,Latinx,Man,41,Local,False,Won,PAR059
CND0036,Alex Jackson,WI,Latinx,Man,27,Federal,False,Lost,PAR001
CND0037,Sam Anderson,MI,Latinx,Man,37,Local,True,TBD,PAR007
CND0038,Avery Lopez,FL,White,Man,22,Local,False,Won,PAR058
CND0039,Jordan Thomas,TX,Black,Woman,26,Local,True,Won,PAR030
CND0040,Riley Martin,TX,AAPI,Man,37,Local,True,Lost,PAR032
CND0041,Riley White,NY,Multiracial,Woman,41,Local,True,Lost,PAR041
CND0042,Rowan Garcia,NV,White,Man,37,Local,True,TBD,PAR047
CND0043,Jamie Moore,NM,White,Nonbinary,35,Local,True,TBD,PAR049
CND0044,Sam Nguyen,OR,Latinx,Woman,33,Local,True,Won,PAR071
CND0045,Avery Jackson,TX,Black,Woman,25,Local,True,Lost,PAR029
CND0046,Devon Johnson,FL,Latinx,Woman,30,Local,True,Won,PAR060
CND0047,Taylor Anderson,NY,Black,Man,32,Federal,True,Lost,PAR043
CND0048,Riley Nguyen,NY,Black,Woman,43,Local,False,Lost,PAR042
CND0049,Riley Williams,TX,AAPI,Woman,38,Local,False,Won,PAR029
CND0050,Cameron Garcia,NM,Latinx,Man,23,Local,True,Won,PAR052
CND0051,Jamie Nguyen,GA,Black,Man,38,State,True,Won,PAR021
CND0052,Skyler Patel,MN,Black,Man,33,Local,False,Lost,PAR012
CND0053,Casey Johnson,OH,Black,Woman,31,Local,True,TBD,PAR056
CND0054,Alex Lee,NC,White,Man,40,State,True,Lost,PAR038
CND0055,Elliot Patel,TX,Latinx,Man,43,State,True,Lost,PAR030
CND0056,Jamie Moore,NY,White,Man,42,Local,True,Lost,PAR043
CND0057,Cameron Johnson,GA,Black,Man,30,Local,False,Lost,PAR022
CND0058,Riley Lee,GA,White,Nonbinary,33,Federal,True,TBD,PAR023
CND0059,Rowan Hernandez,CO,White,Man,38,Local,False,Won,PAR033
CND0060,Sam Patel,MO,Latinx,Woman,42,State,True,TBD,PAR074
CND0061,Skyler Lopez,GA,Multiracial,Man,32,Local,True,Lost,PAR023
CND0062,Hayden Thompson,WA,White,Woman,34,Local,True,Won,PAR066
CND0063,Jamie Johnson,NC,Multiracial,Woman,28,Local,False,Won,PAR039
CND0064,Parker Garcia,IL,White,Man,27,State,False,Lost,PAR014
CND0065,Reese Thompson,VA,White,Woman,41,Local,False,TBD,PAR064
CND0066,Parker Martinez,CO,Black,Nonbinary,45,State,False,TBD,PAR035
CND0067,Jordan Clark,WA,White,Man,35,Local,True,Lost,PAR066
CND0068,Sam Nguyen,CO,Latinx,Woman,43,State,True,Lost,PAR033
CND0069,Alex Thomas,MN,Latinx,Woman,38,Local,True,Lost,PAR010
CND0070,Chris Patel,OH,Latinx,Woman,31,Local,True,Won,PAR053
CND0071,Rowan Hernandez,VA,White,Woman,38,Local,True,TBD,PAR064
CND0072,Riley Brown,GA,Black,Woman,46,State,True,Lost,PAR024
CND0073,Chris Garcia,AZ,AAPI,Woman,35,Local,True,Lost,PAR025
CND0074,Alex Thomas,MI,Indigenous,Woman,46,Local,False,TBD,PAR006
CND0075,Reese Brown,NY,White,Woman,21,State,True,Won,PAR044
CND0076,Elliot Lee,WA,Latinx,Nonbinary,41,Local,True,TBD,PAR065
CND0077,Skyler Williams,VA,Latinx,Woman,36,Local,True,Won,PAR063
CND0078,Skyler Davis,OH,Black,Woman,33,State,True,Won,PAR055
CND0079,Chris Anderson,OR,Latinx,Man,36,Federal,True,Lost,PAR069
CND0080,Morgan Hernandez,NV,White,Man,22,Local,True,Lost,PAR048
CND0081,Cameron Clark,FL,Latinx,Woman,34,Local,True,Won,PAR059
CND0082,Elliot Martin,NC,White,Man,38,Local,True,TBD,PAR038
CND0083,Elliot Thompson,IL,White,Man,46,State,True,TBD,PAR014
CND0084,Hayden Clark,PA,White,Woman,32,State,False,TBD,PAR018
CND0085,Avery Davis,IL,Black,Man,30,Local,False,Won,PAR014
CND0086,Casey Lewis,FL,Latinx,Nonbinary,32,Local,False,Lost,PAR057
CND0087,Rowan Lopez,WI,Indigenous,Man,42,Local,True,Lost,PAR003
CND0088,Sam White,NY,White,Man,38,Local,False,Lost,PAR043
CND0089,Chris Nguyen,TX,Latinx,Woman,32,Local,False,TBD,PAR029
CND0090,Cameron Moore,FL,White,Man,39,State,False,TBD,PAR057
CND0091,Devon Lewis,NY,White,Woman,36,Local,True,TBD,PAR044
CND0092,Skyler Lee,NV,Black,Man,42,Local,True,Lost,PAR048
CND0093,Chris Martinez,MN,Latinx,Man,31,Local,False,Won,PAR009
CND0094,Reese Lewis,GA,Multiracial,Woman,33,State,True,TBD,PAR023
CND0095,Hayden Hernandez,MO,Latinx,Woman,33,State,False,Won,PAR073
CND0096,Hayden Clark,OH,Black,Man,25,Local,False,Won,PAR054
CND0097,Quinn Johnson,NY,Latinx,Man,38,State,True,Lost,PAR042
CND0098,Chris Patel,FL,Latinx,Man,37,Local,True,Won,PAR058
CND0099,Elliot Hernandez,FL,White,Woman,36,Federal,True,Lost,PAR059
CND0100,Jordan Moore,MI,AAPI,Woman,34,State,True,Won,PAR006
CND0101,Riley Davis,MO,AAPI,Man,26,Local,True,Lost,PAR074
CND0102,Skyler Williams,NM,White,Man,33,Federal,True,TBD,PAR052
CND0103,Drew Lee,CO,White,Woman,33,Local,False,Lost,PAR034
CND0104,Hayden Lewis,OH,AAPI,Woman,30,Local,True,Lost,PAR056
CND0105,Elliot Lewis,AZ,Black,Nonbinary,34,Federal,False,TBD,PAR025
CND0106,Jamie Lee,VA,Latinx,Woman,38,Local,False,Lost,PAR063
CND0107,Devon Moore,FL,Latinx,Man,49,Local,True,TBD,PAR059
CND0108,Cameron Martin,NV,White,Man,37,State,False,Lost,PAR047
CND0109,Jamie Martinez,PA,White,Man,37,Federal,False,TBD,PAR020
CND0110,Elliot Brown,MO,Indigenous,Man,35,Local,False,Lost,PAR076
CND0111,Morgan Thomas,TX,White,Man,22,State,True,TBD,PAR029
CND0112,Jamie Hernandez,WA,Latinx,Woman,35,State,True,Lost,PAR065
CND0113,Sam Lewis,MI,White,Woman,36,Local,True,Won,PAR007
CND0114,Drew Martin,IL,Indigenous,Man,53,State,True,Won,PAR016
CND0115,Quinn Williams,IL,Black,Woman,34,Local,True,Lost,PAR014
CND0116,Taylor Patel,PA,White,Man,38,Local,True,Lost,PAR018
CND0117,Alex Williams,AZ,Latinx,Man,35,Local,True,TBD,PAR027
CND0118,Taylor Lopez,OH,White,Woman,27,Federal,True,Won,PAR056
CND0119,Jordan Patel,AZ,Multiracial,Man,43,State,True,TBD,PAR027
CND0120,Hayden Clark,OR,Latinx,Man,41,Local,True,Lost,PAR070
CND0121,Hayden Lewis,WA,Black,Woman,41,State,True,TBD,PAR066
CND0122,Skyler Hernandez,VA,White,Man,29,Local,False,Won,PAR063
CND0123,Casey Davis,GA,Multiracial,Man,45,Local,True,TBD,PAR022
CND0124,Taylor Moore,NV,White,Woman,26,Local,True,TBD,PAR045
CND0125,Chris Patel,NY,White,Man,40,Local,True,Won,PAR043
CND0126,Casey Davis,IL,White,Woman,51,Local,True,TBD,PAR013
CND0127,Devon Williams,GA,Latinx,Man,29,State,True,Lost,PAR021
CND0128,Skyler Davis,NY,White,Man,32,Local,False,TBD,PAR041
CND0129,Reese Anderson,NC,White,Man,36,Federal,True,Won,PAR038
CND0130,Riley Patel,PA,White,Man,32,State,True,Won,PAR017
CND0131,Alex White,OR,Indigenous,Man,25,State,True,Won,PAR069
CND0132,Cameron Jackson,IL,Indigenous,Man,36,Local,False,Won,PAR013
CND0133,Jamie Martin,NM,AAPI,Man,28,State,True,TBD,PAR049
CND0134,Morgan Thomas,OH,Black,Man,39,Local,False,Lost,PAR053
CND0135,Jamie Brown,NV,Multiracial,Woman,29,State,True,Won,PAR048
CND0136,Skyler Martin,VA,White,Woman,46,State,True,TBD,PAR064
CND0137,Morgan Nguyen,NY,Black,Man,30,Local,False,Lost,PAR042
CND0138,Parker Lewis,FL,AAPI,Man,33,Local,True,Won,PAR060
CND0139,Alex Lee,WI,White,Man,41,State,True,TBD,PAR002
CND0140,Sam Martinez,MI,Black,Man,27,Local,False,TBD,PAR007
CND0141,Riley Thompson,NM,White,Man,37,Local,True,Lost,PAR051
CND0142,Jordan Brown,NY,Black,Man,45,State,True,TBD,PAR044
CND0143,Riley Thomas,NM,AAPI,Man,24,Local,True,Lost,PAR052
CND0144,Alex Jackson,FL,White,Man,37,Local,False,Lost,PAR057
CND0145,Jordan Nguyen,TX,Black,Man,37,Local,False,Lost,PAR032
CND0146,Devon Anderson,NV,Black,Man,41,State,False,TBD,PAR048
CND0147,Riley Jackson,NC,White,Woman,27,Local,False,Lost,PAR038
CND0148,Riley Patel,NV,White,Woman,26,Local,True,Lost,PAR048
CND0149,Chris Johnson,GA,AAPI,Nonbinary,39,Local,True,Won,PAR023
CND0150,Devon Davis,OR,Black,Man,38,State,True,Won,PAR072
CND0151,Jamie Nguyen,NC,Multiracial,Woman,37,Local,False,Lost,PAR037
CND0152,Quinn Jackson,FL,Multiracial,Man,38,Local,False,TBD,PAR057
CND0153,Reese Clark,OH,Multiracial,Woman,31,State,True,Lost,PAR054
CND0154,Devon Lewis,GA,White,Woman,37,State,True,Lost,PAR022
CND0155,Rowan Thomas,MI,White,Man,38,State,True,Lost,PAR008
CND0156,Hayden Anderson,MI,AAPI,Woman,30,Local,False,TBD,PAR008
CND0157,Devon Anderson,TX,White,Man,49,Local,True,TBD,PAR031
CND0158,Morgan White,NC,Multiracial,Woman,39,State,False,TBD,PAR039
CND0159,Reese Lopez,PA,White,Man,27,Local,True,Lost,PAR019
CND0160,Taylor Davis,NV,AAPI,Man,40,Local,True,Lost,PAR048
CND0161,Drew Davis,GA,Multiracial,Man,29,Local,True,TBD,PAR022
CND0162,Elliot Martinez,OH,Latinx,Woman,41,Local,True,TBD,PAR053
CND0163,Taylor Moore,OH,Latinx,Man,44,State,True,Lost,PAR056
CND0164,Jordan Lee,VA,Multiracial,Nonbinary,30,Local,True,Won,PAR064
CND0165,Sam Lopez,MO,AAPI,Man,42,State,True,TBD,PAR076
CND0166,Alex Brown,IL,White,Nonbinary,38,Local,True,Won,PAR014
CND0167,Sam Lee,TX,Latinx,Woman,41,Local,True,Won,PAR029
CND0168,Devon Johnson,NY,White,Man,49,Local,False,TBD,PAR043
CND0169,Jamie White,GA,White,Man,34,Local,False,Won,PAR023
CND0170,Rowan Garcia,CO,White,Man,30,Local,True,Lost,PAR034
CND0171,Devon White,GA,AAPI,Man,29,Local,True,Lost,PAR022
CND0172,Devon Martinez,GA,Black,Woman,30,Local,True,Won,PAR021
CND0173,Drew Patel,MN,White,Man,35,Local,True,TBD,PAR011
CND0174,Avery Thomas,GA,White,Man,38,Local,True,TBD,PAR023
CND0175,Jordan Garcia,TX,Multiracial,Woman,37,Federal,True,Won,PAR029
CND0176,Reese Garcia,NV,AAPI,Woman,41,Local,True,TBD,PAR046
CND0177,Morgan Lee,GA,Black,Man,36,Local,True,TBD,PAR022
CND0178,Rowan Martin,VA,White,Woman,46,Local,True,Lost,PAR061
CND0179,Alex Clark,IL,White,Woman,34,Local,False,Won,PAR013
CND0180,Devon Garcia,AZ,Latinx,Man,55,Local,True,Lost,PAR025
CND0181,Riley Williams,NY,White,Man,40,Local,True,TBD,PAR044
CND0182,Drew Hernandez,GA,AAPI,Man,29,Local,True,Won,PAR024
CND0183,Alex Anderson,FL,Black,Woman,28,Local,True,Won,PAR058
CND0184,Morgan Martinez,NC,Black,Man,39,State,True,TBD,PAR039
CND0185,Elliot Jackson,NC,Black,Woman,34,State,False,TBD,PAR039
CND0186,Skyler Thomas,NC,Latinx,Woman,40,Local,False,Lost,PAR037
CND0187,Avery Thomas,GA,White,Woman,39,Local,True,Lost,PAR022
CND0188,Sam Hernandez,WI,Latinx,Man,35,State,True,Lost,PAR004
CND0189,Reese Lee,OR,Black,Woman,30,State,False,Lost,PAR072
CND0190,Drew Thompson,NC,White,Woman,25,Local,True,TBD,PAR038
CND0191,Casey Lopez,MO,Black,Man,32,State,False,Won,PAR073
CND0192,Hayden Patel,PA,White,Man,41,State,False,TBD,PAR019
CND0193,Elliot Thompson,AZ,White,Woman,37,Local,True,TBD,PAR028
CND0194,Drew Williams,MI,White,Woman,27,State,False,Lost,PAR006
CND0195,Devon Brown,NC,Latinx,Man,37,State,False,TBD,PAR037
CND0196,Casey Thompson,WA,White,Woman,38,State,True,Lost,PAR066
CND0197,Taylor Davis,NM,Latinx,Man,29,Local,True,TBD,PAR049
CND0198,Jamie Nguyen,CO,White,Man,37,State,True,TBD,PAR035
CND0199,Rowan Hernandez,NY,AAPI,Woman,36,Local,True,TBD,PAR043
CND0200,Parker Hernandez,VA,White,Woman,27,State,True,Lost,PAR061
CND0201,Riley Garcia,TX,Indigenous,Woman,38,State,True,TBD,PAR032
CND0202,Chris Martinez,WA,Latinx,Woman,39,Local,False,Lost,PAR067
CND0203,Morgan Martin,OH,White,Man,43,Local,True,Won,PAR055
CND0204,Taylor Clark,FL,Black,Man,43,Local,True,Won,PAR058
CND0205,Sam Patel,TX,Black,Man,26,Local,True,TBD,PAR029
CND0206,Skyler Brown,TX,Multiracial,Woman,29,Local,True,Won,PAR031
CND0207,Hayden Lee,NY,White,Man,39,State,True,Won,PAR044
CND0208,Casey Nguyen,PA,Multiracial,Man,39,Local,True,Won,PAR019
CND0209,Devon Nguyen,NY,White,Man,39,State,False,Won,PAR042
CND0210,Chris Garcia,MI,Indigenous,Man,62,State,True,Lost,PAR008
CND0211,Reese White,NC,Indigenous,Man,39,Local,False,Lost,PAR038
CND0212,Skyler Moore,FL,AAPI,Man,43,Local,False,Lost,PAR059
CND0213,Alex Anderson,GA,White,Woman,42,State,False,TBD,PAR021
CND0214,Hayden Nguyen,MO,Latinx,Woman,40,State,True,TBD,PAR076
CND0215,Chris Williams,OH,White,Woman,33,State,True,Lost,PAR053
CND0216,Rowan Davis,MN,Latinx,Man,41,Local,True,Lost,PAR011
CND0217,Sam Hernandez,MO,Black,Man,30,Local,False,TBD,PAR076
CND0218,Quinn Brown,TX,White,Man,34,State,False,Won,PAR032
CND0219,Taylor Brown,FL,White,Man,32,State,True,Lost,PAR058
CND0220,Alex Garcia,AZ,AAPI,Man,36,Local,True,Lost,PAR025
CND0221,Rowan Lewis,OR,White,Man,52,State,False,TBD,PAR070
CND0222,Skyler Jackson,OH,White,Man,22,State,False,Won,PAR055
CND0223,Devon White,PA,AAPI,Man,40,Local,True,TBD,PAR018
CND0224,Morgan Garcia,NC,White,Man,24,Local,True,Lost,PAR038
CND0225,Alex Garcia,NC,Latinx,Woman,32,Local,True,TBD,PAR040
CND0226,Cameron Martinez,MI,White,Man,43,Local,True,TBD,PAR007
CND0227,Hayden Nguyen,IL,White,Woman,36,Local,True,TBD,PAR014
CND0228,Cameron Lopez,AZ,White,Woman,28,Local,True,TBD,PAR025
CND0229,Jamie Jackson,CO,White,Nonbinary,30,Local,False,TBD,PAR035
CND0230,Rowan Martinez,CO,Indigenous,Man,40,Local,True,TBD,PAR036
CND0231,Cameron Martinez,NV,AAPI,Woman,30,Local,True,Lost,PAR046
CND0232,Morgan Thompson,NC,Latinx,Man,37,Local,True,Lost,PAR037
CND0233,Avery Thompson,AZ,Latinx,Man,36,Local,False,TBD,PAR027
CND0234,Riley Lewis,NV,Latinx,Woman,31,Local,True,Lost,PAR046
CND0235,Skyler Lewis,PA,White,Woman,51,Local,False,Won,PAR018
CND0236,Sam Lee,MO,AAPI,Woman,40,Local,False,Lost,PAR073
CND0237,Sam Williams,OH,Multiracial,Man,21,Local,True,Won,PAR054
CND0238,Morgan Jackson,GA,White,Man,37,Local,True,Won,PAR024
CND0239,Chris Thomas,AZ,Latinx,Woman,31,State,True,Lost,PAR028
CND0240,Jamie Hernandez,FL,Latinx,Woman,41,Local,False,Won,PAR059
CND0241,Rowan Lee,NY,White,Woman,30,State,True,Lost,PAR044
CND0242,Cameron Martinez,OH,White,Nonbinary,35,State,False,TBD,PAR054
CND0243,Skyler Patel,GA,AAPI,Woman,39,State,False,Won,PAR024
CND0244,Jamie Thompson,FL,White,Nonbinary,42,State,True,Lost,PAR060
CND0245,Taylor Davis,TX,White,Man,27,Local,True,Lost,PAR031
CND0246,Parker Lopez,NM,AAPI,Woman,33,State,True,TBD,PAR052
CND0247,Devon Davis,MO,Latinx,Woman,32,Local,True,TBD,PAR075
CND0248,Quinn Garcia,NY,Multiracial,Woman,31,Local,True,Lost,PAR042
CND0249,Jamie Martin,FL,White,Nonbinary,48,State,True,TBD,PAR059
CND0250,Jamie Anderson,OH,AAPI,Woman,38,Local,True,TBD,PAR056
CND0251,Parker Clark,OH,White,Woman,27,State,False,TBD,PAR055
CND0252,Cameron Garcia,WI,White,Woman,42,Local,False,Won,PAR004
CND0253,Taylor Patel,CO,White,Woman,50,State,True,Lost,PAR034
CND0254,Rowan Anderson,MO,Black,Man,43,Local,False,Won,PAR073
CND0255,Morgan Patel,FL,White,Woman,25,Local,True,Won,PAR058
CND0256,Elliot Lee,FL,AAPI,Woman,32,Local,False,TBD,PAR059
CND0257,Quinn Clark,NY,Black,Man,44,Local,True,Lost,PAR044
CND0258,Drew Hernandez,OH,Indigenous,Man,31,Local,True,Lost,PAR055
CND0259,Casey Hernandez,NY,Black,Woman,39,Local,False,Lost,PAR043
CND0260,Drew Patel,PA,White,Man,41,Local,False,Lost,PAR020
CND0261,Elliot Martin,NV,White,Man,29,Local,True,Lost,PAR047
CND0262,Cameron Garcia,NV,Black,Man,35,Local,True,Lost,PAR046
CND0263,Cameron Anderson,VA,White,Man,21,Local,True,TBD,PAR062
CND0264,Quinn Lewis,IL,White,Man,28,Local,True,Lost,PAR015
CND0265,Elliot Patel,OH,White,Man,34,Local,True,Won,PAR055
CND0266,Alex Williams,WI,Latinx,Woman,27,Local,True,Won,PAR001
CND0267,Parker Jackson,OR,Latinx,Woman,47,State,True,TBD,PAR072
CND0268,Rowan Garcia,MN,Latinx,Man,25,Federal,True,TBD,PAR009
CND0269,Jordan Nguyen,WI,Latinx,Man,32,Local,True,TBD,PAR004
CND0270,Avery Jackson,GA,Latinx,Nonbinary,36,Local,False,TBD,PAR022
CND0271,Drew Thomas,IL,White,Nonbinary,46,Local,True,Won,PAR013
CND0272,Drew Davis,OH,White,Man,25,Local,True,Lost,PAR053
CND0273,Jamie Patel,TX,AAPI,Woman,44,Local,True,Won,PAR029
CND0274,Sam Thompson,FL,White,Woman,36,Local,False,TBD,PAR059
CND0275,Devon Thomas,OR,White,Woman,29,Local,True,TBD,PAR070
CND0276,Casey Thompson,VA,Black,Man,39,State,False,Won,PAR061
CND0277,Quinn Davis,OH,Multiracial,Man,37,State,False,Won,PAR055
CND0278,Quinn Lopez,MI,Latinx,Woman,31,State,True,Lost,PAR008
CND0279,Cameron Lewis,IL,Latinx,Woman,36,Local,False,TBD,PAR016
CND0280,Parker Jackson,PA,Black,Woman,33,Local,True,Won,PAR018
CND0281,Devon Martinez,AZ,White,Man,36,Local,True,Lost,PAR028
CND0282,Skyler Lopez,NM,White,Man,40,Local,True,Won,PAR049
CND0283,Alex Johnson,NY,Latinx,Man,47,Local,True,Won,PAR043
CND0284,Sam Moore,GA,AAPI,Woman,27,Local,True,TBD,PAR022
CND0285,Devon Garcia,PA,White,Man,50,Local,True,Won,PAR020
CND0286,Taylor Hernandez,WA,White,Man,22,State,True,TBD,PAR066
CND0287,Hayden Johnson,AZ,AAPI,Man,34,Local,True,TBD,PAR028
CND0288,Chris Martinez,AZ,AAPI,Woman,40,Local,True,TBD,PAR025
CND0289,Morgan Lopez,FL,Latinx,Man,37,Local,True,TBD,PAR060
CND0290,Reese Nguyen,OH,White,Man,31,Local,True,Won,PAR056
CND0291,Devon Jackson,NM,White,Man,34,State,True,Lost,PAR050
CND0292,Reese Thomas,OH,White,Nonbinary,32,State,True,TBD,PAR055
CND0293,Cameron Hernandez,NV,White,Woman,31,State,False,Lost,PAR046
CND0294,Jordan White,PA,Multiracial,Woman,41,Local,True,Won,PAR020
CND0295,Cameron Lopez,GA,Black,Nonbinary,38,Local,True,TBD,PAR023
CND0296,Sam Martinez,NY,Black,Woman,31,Local,True,Won,PAR042
CND0297,Alex Thomas,PA,AAPI,Woman,42,Local,False,Lost,PAR019
CND0298,Chris Lewis,MO,White,Man,38,State,False,TBD,PAR074
CND0299,Jamie Hernandez,GA,Black,Man,41,Local,False,Lost,PAR023
CND0300,Devon Patel,GA,Multiracial,Woman,40,State,False,TBD,PAR024
CND0301,Jamie White,PA,Black,Man,30,Local,True,TBD,PAR020
CND0302,Devon Clark,OH,Black,Man,32,Federal,False,TBD,PAR054
CND0303,Alex Thompson,GA,Black,Woman,41,Local,True,TBD,PAR021
CND0304,Casey Williams,AZ,White,Woman,40,Local,True,Lost,PAR025
CND0305,Hayden Martinez,OR,White,Man,35,Local,True,Won,PAR070
CND0306,Chris Martin,FL,Latinx,Woman,36,State,True,Lost,PAR057
CND0307,Drew Brown,GA,Latinx,Woman,44,Local,True,Lost,PAR023
CND0308,Parker Williams,IL,White,Woman,31,State,True,TBD,PAR016
CND0309,Drew Patel,NM,Black,Woman,39,State,False,Lost,PAR049
CND0310,Avery Davis,TX,Latinx,Woman,34,Local,False,TBD,PAR029
CND0311,Jordan Moore,MO,White,Man,34,Federal,True,TBD,PAR075
CND0312,Cameron Johnson,FL,Latinx,Woman,43,Local,True,Lost,PAR057
CND0313,Parker Nguyen,OR,Black,Man,41,State,False,Won,PAR069
CND0314,Chris Thomas,FL,AAPI,Man,41,Local,True,Lost,PAR059
CND0315,Jordan Johnson,GA,Black,Man,45,Local,False,Won,PAR021
CND0316,Parker Hernandez,GA,Latinx,Woman,36,Local,True,TBD,PAR023
CND0317,Cameron Moore,OH,Latinx,Nonbinary,40,Local,False,Won,PAR055
CND0318,Rowan White,AZ,Latinx,Woman,33,Local,True,TBD,PAR027
CND0319,Devon Thomas,CO,White,Man,38,Local,True,Lost,PAR034
CND0320,Casey Anderson,GA,Black,Woman,35,Local,False,TBD,PAR022
CND0321,Sam Brown,CO,White,Man,36,State,True,Lost,PAR034
CND0322,Casey Patel,PA,White,Man,40,Local,True,Lost,PAR017
CND0323,Cameron Williams,NY,Multiracial,Woman,30,State,False,Won,PAR044
CND0324,Devon Clark,OR,Black,Woman,50,Federal,True,TBD,PAR069
CND0325,Skyler Williams,OH,White,Woman,28,Local,True,TBD,PAR054
CND0326,Casey Brown,IL,White,Woman,27,State,True,Won,PAR016
CND0327,Reese Martinez,NV,Black,Man,44,Local,True,TBD,PAR046
CND0328,Devon Thompson,NY,White,Woman,41,State,False,TBD,PAR042
CND0329,Devon Moore,GA,AAPI,Man,40,Local,False,TBD,PAR023
CND0330,Taylor White,NM,Latinx,Man,40,Local,True,Won,PAR051
CND0331,Elliot Moore,NY,White,Man,35,State,True,TBD,PAR044
CND0332,Drew Jackson,NV,White,Man,29,Local,True,Lost,PAR045
CND0333,Taylor White,MI,White,Woman,36,Local,True,Won,PAR007
CND0334,Sam Lopez,TX,AAPI,Woman,31,State,True,Won,PAR032
CND0335,Avery Jackson,OH,White,Woman,42,Local,True,Won,PAR056
CND0336,Chris Garcia,MN,Latinx,Man,34,State,True,Won,PAR011
CND0337,Hayden Lewis,FL,White,Woman,30,State,False,Won,PAR060
CND0338,Casey Brown,WI,White,Woman,33,Local,True,Won,PAR004
CND0339,Quinn Anderson,NY,White,Woman,38,Local,False,TBD,PAR042
CND0340,Cameron Patel,OR,Black,Woman,32,Local,True,Lost,PAR070
CND0341,Riley Davis,TX,AAPI,Man,30,Local,False,TBD,PAR032
CND0342,Elliot Lee,OR,White,Woman,37,Local,True,TBD,PAR072
CND0343,Taylor Clark,VA,Black,Woman,37,State,True,TBD,PAR062
CND0344,Morgan Anderson,CO,Latinx,Woman,32,Local,False,TBD,PAR035
CND0345,Drew Thomas,PA,Multiracial,Man,32,Local,True,Lost,PAR018
CND0346,Skyler Williams,MO,AAPI,Man,37,State,True,Won,PAR076
CND0347,Taylor Nguyen,AZ,Latinx,Woman,25,Local,True,TBD,PAR027
CND0348,Drew Martin,NM,White,Man,26,State,False,TBD,PAR049
CND0349,Devon Clark,WA,Latinx,Man,30,Local,False,Lost,PAR067
CND0350,Avery Patel,MN,White,Woman,34,Local,False,Won,PAR012
CND0351,Devon Martin,NY,White,Man,38,State,True,Lost,PAR041
CND0352,Avery Anderson,NY,Latinx,Man,46,Local,True,Lost,PAR041
CND0353,Jamie Thomas,OH,Latinx,Man,42,Local,True,Lost,PAR053
CND0354,Skyler Thompson,OR,AAPI,Woman,34,State,False,Won,PAR069
CND0355,Jamie Jackson,WA,White,Man,35,State,True,Lost,PAR066
CND0356,Elliot Patel,PA,AAPI,Woman,28,State,True,Won,PAR017
CND0357,Cameron Patel,WA,AAPI,Man,35,Local,False,Lost,PAR067
CND0358,Devon Nguyen,PA,White,Man,33,Local,True,Lost,PAR020
CND0359,Parker Jackson,WA,White,Woman,38,Local,False,Lost,PAR067
CND0360,Avery Garcia,MO,White,Woman,30,Local,True,Lost,PAR074
CND0361,Skyler White,TX,AAPI,Man,39,Local,True,Lost,PAR029
CND0362,Casey Davis,NC,Black,Man,46,State,False,TBD,PAR039
CND0363,Taylor Lewis,OR,White,Man,35,Local,True,Won,PAR069
CND0364,Drew Patel,MO,White,Woman,38,Local,True,TBD,PAR075
CND0365,Elliot Thomas,OR,White,Woman,40,Local,True,Lost,PAR071
CND0366,Elliot White,VA,Latinx,Woman,33,Local,False,Won,PAR061
CND0367,Drew Clark,WI,White,Man,37,Local,False,Won,PAR002
CND0368,Casey Patel,NY,Black,Man,36,Local,True,Lost,PAR042
CND0369,Devon Clark,MN,Black,Woman,36,Local,True,TBD,PAR009
CND0370,Elliot Garcia,MO,White,Woman,30,State,False,Lost,PAR076
CND0371,Drew Jackson,GA,Black,Man,36,State,True,Lost,PAR022
CND0372,Parker Moore,MO,Multiracial,Woman,39,State,True,Won,PAR074
CND0373,Skyler Nguyen,NY,AAPI,Man,46,Local,True,Lost,PAR043
CND0374,Casey White,NC,White,Woman,42,State,True,Won,PAR040
CND0375,Drew Lopez,OR,AAPI,Man,51,Local,True,Lost,PAR072
CND0376,Skyler Moore,VA,White,Woman,30,Local,True,Won,PAR064
CND0377,Sam Thomas,CO,Latinx,Man,42,Local,False,TBD,PAR035
CND0378,Skyler Nguyen,PA,Black,Man,37,State,False,TBD,PAR018
CND0379,Rowan Garcia,MN,Latinx,Woman,51,Local,True,TBD,PAR012
CND0380,Taylor Garcia,PA,White,Man,30,State,True,Won,PAR017
CND0381,Casey Williams,CO,Indigenous,Man,30,Local,True,Lost,PAR034
CND0382,Jamie Anderson,GA,Latinx,Man,31,Local,True,TBD,PAR023
CND0383,Alex Clark,PA,Multiracial,Man,21,State,False,Won,PAR019
CND0384,Taylor Patel,OH,AAPI,Man,32,Local,False,TBD,PAR056
CND0385,Sam Moore,FL,Black,Woman,30,Local,True,TBD,PAR059
CND0386,Morgan Thompson,NY,White,Woman,37,Local,True,Won,PAR043
CND0387,Drew Williams,OH,White,Man,38,Local,True,Won,PAR054
CND0388,Reese Williams,PA,Black,Woman,49,State,True,Won,PAR017
CND0389,Devon Martin,VA,White,Woman,42,Local,False,TBD,PAR062
CND0390,Riley Brown,WA,White,Woman,31,State,True,Lost,PAR066
CND0391,Reese Lopez,FL,White,Man,29,Local,True,TBD,PAR057
CND0392,Sam Thompson,NC,Black,Woman,39,Local,True,TBD,PAR039
CND0393,Cameron Jackson,MN,Black,Man,26,Federal,False,TBD,PAR009
CND0394,Alex Lopez,NM,White,Man,48,Local,True,TBD,PAR049
CND0395,Quinn White,PA,White,Man,44,Local,True,Lost,PAR019
CND0396,Taylor Lewis,IL,White,Nonbinary,32,State,True,TBD,PAR015
CND0397,Morgan Clark,AZ,White,Man,24,Local,True,Won,PAR027
CND0398,Hayden Garcia,GA,AAPI,Man,45,Local,True,Lost,PAR023
CND0399,Chris Lewis,GA,Black,Woman,35,State,True,Won,PAR023
CND0400,Riley Thompson,PA,White,Woman,44,Local,False,Won,PAR018
CND0401,Casey Thompson,OH,Latinx,Woman,24,Local,False,Lost,PAR053
CND0402,Parker Johnson,OR,Latinx,Woman,31,Local,True,TBD,PAR072
CND0403,Drew Thompson,GA,White,Woman,36,Local,True,TBD,PAR023
CND0404,Reese Patel,OH,White,Man,36,Local,True,Lost,PAR054
CND0405,Chris Lopez,WI,White,Woman,32,Local,False,TBD,PAR004
CND0406,Jamie Lee,NM,Multiracial,Woman,40,State,False,Lost,PAR051
CND0407,Riley Clark,OH,Latinx,Man,28,Local,True,Won,PAR053
CND0408,Jordan Garcia,MI,White,Nonbinary,35,Local,True,Won,PAR007
CND0409,Drew Lee,MN,Black,Woman,36,Local,True,Won,PAR012
CND0410,Avery Lewis,GA,Black,Woman,39,State,True,TBD,PAR021
CND0411,Sam Brown,TX,White,Woman,40,State,True,Won,PAR029
CND0412,Cameron Martin,NC,Latinx,Woman,28,State,True,TBD,PAR038
CND0413,Rowan Thomas,WA,Latinx,Man,25,Local,True,Won,PAR067
CND0414,Avery Lewis,OH,Multiracial,Woman,44,Local,True,Lost,PAR055
CND0415,Devon Nguyen,GA,White,Woman,38,Local,True,Lost,PAR022
CND0416,Quinn Patel,MN,Black,Woman,30,Local,True,Lost,PAR011
CND0417,Casey Thomas,WA,White,Woman,46,Local,True,Lost,PAR066
CND0418,Alex Lopez,GA,White,Man,36,Local,True,Won,PAR021
CND0419,Elliot Hernandez,NV,White,Man,44,State,True,Lost,PAR045
CND0420,Elliot Thomas,PA,White,Man,36,Federal,True,Won,PAR019
CND0421,Rowan Davis,IL,White,Woman,50,Local,True,Lost,PAR016
CND0422,Quinn Davis,IL,Indigenous,Man,48,Local,True,Won,PAR016
CND0423,Alex Lopez,OH,Latinx,Man,34,Local,True,TBD,PAR053
CND0424,Jordan Johnson,NV,White,Nonbinary,42,State,False,Lost,PAR047
CND0425,Hayden Jackson,TX,Latinx,Man,40,Local,True,TBD,PAR029
CND0426,Skyler Patel,NY,White,Woman,45,Local,False,Lost,PAR042
CND0427,Drew Nguyen,CO,Latinx,Man,29,Local,True,Lost,PAR033
CND0428,Devon Lewis,NY,AAPI,Woman,40,State,True,Won,PAR042
CND0429,Rowan Thomas,NM,AAPI,Woman,43,State,False,Won,PAR049
CND0430,Morgan Thomas,PA,Latinx,Nonbinary,23,Local,True,Won,PAR018
CND0431,Morgan Jackson,GA,Latinx,Man,27,Local,True,Won,PAR021
CND0432,Morgan Patel,OH,Black,Man,21,Local,True,Lost,PAR053
CND0433,Drew Martin,VA,Black,Woman,34,Local,True,TBD,PAR061
CND0434,Reese Martinez,MN,White,Woman,41,Local,True,Won,PAR012
CND0435,Drew Hernandez,CO,White,Man,46,Local,True,Lost,PAR033
CND0436,Devon Hernandez,OH,White,Woman,36,Federal,False,TBD,PAR053
CND0437,Chris Williams,MI,White,Man,47,Local,True,TBD,PAR006
CND0438,Parker Anderson,NY,White,Woman,26,State,True,Won,PAR044
CND0439,Chris Johnson,MI,Latinx,Man,24,State,True,TBD,PAR008
CND0440,Riley Jackson,NY,Black,Woman,35,Local,True,TBD,PAR042
CND0441,Chris Thomas,NC,White,Man,38,State,True,Won,PAR039
CND0442,Alex Thompson,NY,Latinx,Woman,35,Local,False,TBD,PAR041
CND0443,Morgan Moore,IL,Black,Woman,21,Local,True,Lost,PAR016
CND0444,Jamie Williams,AZ,White,Woman,35,Local,True,Won,PAR026
CND0445,Jamie Martinez,NY,Latinx,Woman,26,Local,True,Lost,PAR041
CND0446,Elliot Martinez,MN,AAPI,Man,40,Local,True,Won,PAR010
CND0447,Quinn Lee,PA,AAPI,Man,38,Federal,True,Won,PAR020
CND0448,Sam Williams,NY,White,Woman,29,Local,True,TBD,PAR044
CND0449,Hayden Johnson,MN,White,Woman,32,Federal,False,Lost,PAR009
CND0450,Riley Garcia,NC,White,Man,28,State,True,TBD,PAR040
CND0451,Riley Garcia,FL,White,Woman,35,Local,True,Won,PAR057
CND0452,Sam Patel,CO,White,Woman,42,Local,True,Lost,PAR036
CND0453,Parker Jackson,NC,White,Man,29,Local,False,TBD,PAR040
CND0454,Taylor Anderson,CO,AAPI,Woman,39,State,True,Lost,PAR033
CND0455,Alex Lewis,MI,White,Man,32,Local,True,Lost,PAR007
CND0456,Rowan Hernandez,CO,White,Man,30,Local,True,Lost,PAR033
CND0457,Avery Williams,FL,Latinx,Woman,35,Local,True,Lost,PAR057
CND0458,Avery Martinez,OH,White,Man,28,State,False,Lost,PAR054
CND0459,Parker Hernandez,TX,Indigenous,Man,32,Local,True,Lost,PAR031
CND0460,Elliot Anderson,FL,White,Man,27,Local,True,Lost,PAR060
CND0461,Alex Davis,OH,AAPI,Man,49,State,False,Lost,PAR055
CND0462,Chris Brown,NY,Black,Man,36,Local,False,Lost,PAR041
CND0463,Jordan Anderson,MI,White,Man,31,State,True,Lost,PAR005
CND0464,Avery Garcia,AZ,White,Woman,37,State,True,Won,PAR026
CND0465,Jamie Thompson,MI,AAPI,Man,35,Local,True,TBD,PAR006
CND0466,Cameron Martinez,MO,White,Man,34,State,True,Lost,PAR076
CND0467,Quinn Brown,OR,Multiracial,Man,40,Local,True,TBD,PAR071
CND0468,Casey Brown,MI,White,Woman,41,Federal,False,Won,PAR006
CND0469,Morgan Davis,OR,Black,Woman,32,Local,True,TBD,PAR069
CND0470,Morgan Lopez,WI,White,Nonbinary,31,Local,True,Lost,PAR001
CND0471,Quinn Thomas,TX,Multiracial,Woman,34,Local,True,Won,PAR029
CND0472,Drew Thompson,FL,Multiracial,Man,21,Local,True,Lost,PAR057
CND0473,Chris Thompson,FL,AAPI,Man,25,State,True,Won,PAR058
CND0474,Riley Jackson,MO,White,Woman,45,Local,True,Lost,PAR074
CND0475,Cameron Davis,NM,Latinx,Man,47,Local,True,Won,PAR049
CND0476,Hayden Moore,TX,White,Woman,34,State,True,Won,PAR029
CND0477,Parker Moore,MO,Latinx,Man,40,State,False,Won,PAR076
CND0478,Quinn Lopez,TX,Latinx,Woman,38,Local,True,Won,PAR032
CND0479,Drew Brown,VA,White,Woman,57,Federal,False,TBD,PAR062
CND0480,Casey Davis,WA,White,Woman,43,State,True,Lost,PAR068
CND0481,Sam Moore,TX,Multiracial,Man,35,Local,False,Won,PAR032
CND0482,Sam Williams,OH,White,Man,29,Local,True,Won,PAR053
CND0483,Drew Clark,NM,AAPI,Woman,24,Local,False,Lost,PAR050
CND0484,Cameron Anderson,NY,White,Woman,37,Local,True,TBD,PAR044
CND0485,Riley Patel,NM,Black,Man,30,Local,True,Won,PAR052
CND0486,Skyler Clark,AZ,White,Nonbinary,26,Local,True,Lost,PAR027
CND0487,Hayden Clark,PA,White,Woman,31,State,True,Won,PAR019
CND0488,Casey Hernandez,NY,Black,Woman,28,Local,False,Won,PAR043
CND0489,Drew Anderson,NY,Latinx,Woman,47,State,True,TBD,PAR041
CND0490,Morgan Lopez,OH,White,Man,42,Local,True,Lost,PAR053
CND0491,Parker Nguyen,PA,AAPI,Man,35,Local,True,TBD,PAR019
CND0492,Skyler Martin,WI,AAPI,Woman,46,Local,True,Lost,PAR003
CND0493,Elliot Lewis,WI,Black,Woman,36,Local,True,TBD,PAR002
CND0494,Jordan Thompson,GA,Latinx,Man,29,Local,True,Lost,PAR021
CND0495,Hayden Thomas,NM,White,Woman,46,Local,False,Won,PAR051
CND0496,Casey Martinez,NY,Black,Man,39,Local,False,Lost,PAR043
CND0497,Chris Garcia,NY,Latinx,Nonbinary,28,Local,False,Won,PAR042
CND0498,Hayden Clark,FL,White,Woman,34,Local,False,Won,PAR060
CND0499,Chris Nguyen,GA,Black,Woman,29,Local,True,TBD,PAR024
CND0500,Casey Lee,AZ,White,Woman,26,State,True,TBD,PAR026
CND0501,Hayden Clark,GA,Latinx,Man,42,State,True,Won,PAR023
CND0502,Drew Brown,OR,AAPI,Man,49,Local,False,TBD,PAR069
CND0503,Skyler Hernandez,OH,Multiracial,Woman,26,Local,True,TBD,PAR053
CND0504,Rowan Martin,MN,White,Nonbinary,39,Local,True,Won,PAR010
CND0505,Hayden Williams,FL,Latinx,Man,31,Local,True,Lost,PAR058
CND0506,Chris Moore,TX,White,Man,32,Local,True,Lost,PAR031
CND0507,Elliot Martin,FL,White,Woman,31,Federal,True,Lost,PAR060
CND0508,Parker Brown,WA,Latinx,Woman,29,State,True,Won,PAR068
CND0509,Chris Williams,WI,White,Woman,36,Local,True,Lost,PAR004
CND0510,Morgan Garcia,PA,White,Nonbinary,30,State,False,Lost,PAR020
CND0511,Reese Thompson,MN,Latinx,Man,37,Federal,True,Lost,PAR010
CND0512,Devon Moore,WI,White,Man,35,State,True,Lost,PAR003
CND0513,Riley Williams,NY,Black,Woman,34,Local,True,Won,PAR043
CND0514,Morgan Moore,OH,White,Man,29,Local,True,TBD,PAR053
CND0515,Hayden Thompson,MI,Black,Man,31,Local,True,Lost,PAR007
CND0516,Elliot Lopez,OH,Latinx,Man,41,Local,True,Won,PAR054
CND0517,Rowan Jackson,TX,Multiracial,Man,39,Local,True,Lost,PAR029
CND0518,Morgan Thompson,PA,Black,Man,29,State,True,Lost,PAR017
CND0519,Skyler Lopez,PA,Latinx,Woman,36,State,True,TBD,PAR018
CND0520,Skyler Clark,VA,White,Man,41,Local,True,Lost,PAR064
CND0521,Casey Hernandez,MI,White,Woman,24,Local,True,Lost,PAR007
CND0522,Parker Martin,NC,White,Man,39,Local,True,Lost,PAR037
CND0523,Alex Anderson,GA,White,Woman,31,Local,True,Won,PAR021
CND0524,Reese Clark,FL,Black,Man,39,Local,True,TBD,PAR059
CND0525,Rowan Clark,OH,Latinx,Man,30,Local,False,Lost,PAR056
CND0526,Jamie Thompson,GA,White,Man,23,Local,True,TBD,PAR023
CND0527,Alex Lopez,NY,Black,Woman,24,Federal,True,Won,PAR043
CND0528,Devon Garcia,NM,Latinx,Woman,36,Local,False,TBD,PAR051
CND0529,Reese Davis,AZ,White,Woman,37,Local,True,Lost,PAR025
CND0530,Elliot Thomas,GA,White,Woman,29,State,True,Won,PAR021
CND0531,Morgan Patel,IL,White,Man,40,Local,False,TBD,PAR016
CND0532,Quinn Lee,NM,White,Woman,24,Federal,False,TBD,PAR050
CND0533,Quinn Williams,PA,Multiracial,Man,35,Local,True,Won,PAR020
CND0534,Alex Davis,GA,White,Man,27,State,True,Lost,PAR022
CND0535,Rowan Martinez,MI,AAPI,Man,31,Local,True,Won,PAR007
CND0536,Elliot Martin,OR,Latinx,Woman,36,State,True,Lost,PAR070
CND0537,Cameron Lopez,VA,Latinx,Woman,29,Local,False,Won,PAR061
CND0538,Alex Thomas,WA,Multiracial,Man,33,Local,False,TBD,PAR065
CND0539,Alex Moore,NV,AAPI,Man,43,Local,True,TBD,PAR047
CND0540,Sam White,TX,Latinx,Man,31,Local,True,Lost,PAR030
CND0541,Jamie Clark,NC,Indigenous,Woman,41,Local,False,TBD,PAR040
CND0542,Chris Brown,MO,AAPI,Man,28,State,True,Won,PAR076
CND0543,Parker Nguyen,OR,White,Woman,39,Local,True,Lost,PAR071
CND0544,Casey Hernandez,NM,White,Woman,46,Local,False,Lost,PAR052
CND0545,Taylor Martinez,FL,AAPI,Woman,21,Federal,True,Lost,PAR059
CND0546,Chris Lopez,GA,Latinx,Nonbinary,30,Local,False,Won,PAR024
CND0547,Cameron Anderson,TX,Latinx,Man,40,Local,False,Won,PAR032
CND0548,Jamie Martin,IL,Latinx,Man,34,Local,True,Won,PAR014
CND0549,Reese Thomas,TX,AAPI,Man,38,State,True,TBD,PAR031
CND0550,Hayden Garcia,OH,AAPI,Man,31,State,True,Lost,PAR056
CND0551,Jordan Johnson,CO,White,Man,36,State,True,TBD,PAR036
CND0552,Drew Thomas,VA,White,Man,34,Local,True,TBD,PAR062
CND0553,Casey Lewis,GA,Black,Woman,44,State,False,TBD,PAR021
CND0554,Cameron Brown,OH,AAPI,Woman,37,Local,False,TBD,PAR056
CND0555,Rowan Clark,FL,AAPI,Woman,38,Local,True,Won,PAR059
CND0556,Alex Jackson,WA,Multiracial,Man,33,Local,True,Won,PAR065
CND0557,Cameron Williams,NY,White,Woman,32,Local,True,Won,PAR043
CND0558,Quinn Thompson,MO,Black,Man,32,Local,True,Won,PAR075
CND0559,Drew Thompson,NY,White,Woman,38,State,False,Lost,PAR042
CND0560,Avery Martin,IL,White,Woman,33,Local,False,Won,PAR014
CND0561,Quinn Martinez,GA,AAPI,Woman,38,Federal,True,Lost,PAR024
CND0562,Rowan Davis,PA,Black,Woman,50,State,False,TBD,PAR020
CND0563,Taylor Johnson,NM,White,Man,42,Local,True,Lost,PAR052
CND0564,Devon Johnson,OR,White,Woman,33,Local,True,Won,PAR070
CND0565,Casey Lopez,VA,White,Woman,44,Federal,True,Won,PAR063
CND0566,Casey Garcia,MN,Latinx,Man,33,State,False,Lost,PAR010
CND0567,Cameron Hernandez,OH,Black,Woman,21,Local,True,Lost,PAR056
CND0568,Hayden Thomas,PA,Indigenous,Woman,28,State,False,Lost,PAR019
CND0569,Quinn Johnson,GA,Latinx,Nonbinary,22,State,True,Won,PAR022
CND0570,Quinn Martin,NM,Black,Woman,33,Local,True,Won,PAR050
CND0571,Skyler Nguyen,NV,Black,Woman,36,State,True,TBD,PAR048
CND0572,Morgan White,VA,Black,Woman,47,State,True,Lost,PAR062
CND0573,Reese Garcia,PA,White,Nonbinary,38,Local,True,Won,PAR018
CND0574,Chris Moore,FL,White,Man,34,Local,True,Lost,PAR060
CND0575,Skyler Jackson,OH,AAPI,Woman,41,Local,False,TBD,PAR053
CND0576,Quinn Thomas,NY,White,Woman,21,Federal,True,TBD,PAR043
CND0577,Taylor Garcia,CO,Latinx,Woman,37,Local,True,TBD,PAR034
CND0578,Rowan Garcia,VA,Black,Woman,41,Local,False,Won,PAR064
CND0579,Casey Nguyen,AZ,Black,Man,25,Local,False,Lost,PAR026
CND0580,Devon Williams,OR,AAPI,Man,44,State,False,Lost,PAR072
CND0581,Skyler Lee,WI,AAPI,Man,38,Local,False,TBD,PAR001
CND0582,Reese Garcia,OR,Black,Woman,33,Local,True,Won,PAR072
CND0583,Skyler White,MO,Multiracial,Man,40,Local,False,TBD,PAR075
CND0584,Casey Williams,MN,Latinx,Woman,51,State,True,TBD,PAR009
CND0585,Alex Johnson,MO,AAPI,Man,37,Local,True,TBD,PAR075
CND0586,Cameron Hernandez,CO,White,Woman,37,Local,False,Lost,PAR033
CND0587,Morgan Moore,GA,White,Woman,32,State,True,Won,PAR021
CND0588,Quinn Lewis,NV,White,Man,30,Local,False,Lost,PAR045
CND0589,Devon Lee,PA,Multiracial,Man,41,Local,True,TBD,PAR019
CND0590,Skyler Jackson,WA,White,Woman,30,Local,True,TBD,PAR065
CND0591,Devon Lewis,NY,AAPI,Nonbinary,36,Local,True,Lost,PAR044
CND0592,Jordan Davis,FL,AAPI,Woman,32,Local,True,Won,PAR060
CND0593,Elliot Davis,TX,White,Woman,39,Local,False,Won,PAR030
CND0594,Casey Jackson,NY,White,Woman,38,Local,True,Lost,PAR043
CND0595,Rowan Johnson,AZ,Black,Woman,43,Local,True,Lost,PAR028
CND0596,Skyler Clark,GA,Black,Man,32,Local,True,TBD,PAR021
CND0597,Skyler Martinez,NC,Black,Woman,34,Local,False,TBD,PAR039
CND0598,Reese Thompson,NC,White,Woman,29,Local,True,Won,PAR037
CND0599,Morgan Anderson,MN,White,Man,32,Local,True,TBD,PAR012
CND0600,Jamie Lewis,MO,White,Woman,38,Local,True,TBD,PAR074
CND0601,Parker Thompson,CO,Black,Woman,41,State,False,Won,PAR036
CND0602,Avery Brown,FL,Latinx,Man,29,State,True,TBD,PAR058
CND0603,Avery Lopez,WA,Black,Woman,42,Federal,True,Won,PAR068
CND0604,Hayden Johnson,TX,Latinx,Woman,45,State,True,Won,PAR029
CND0605,Cameron Thomas,TX,White,Man,38,Local,True,Lost,PAR031
CND0606,Hayden Lewis,NY,White,Man,49,State,False,TBD,PAR041
CND0607,Chris Nguyen,PA,White,Man,30,Local,True,TBD,PAR017
CND0608,Avery Hernandez,IL,AAPI,Woman,27,Local,True,Won,PAR013
CND0609,Casey Hernandez,GA,White,Man,23,Local,False,Lost,PAR023
CND0610,Jordan Martinez,OR,Black,Woman,46,Federal,False,Lost,PAR070
CND0611,Reese Hernandez,NY,Latinx,Woman,40,Local,False,TBD,PAR043
CND0612,Reese Martin,TX,Black,Man,35,Local,True,Lost,PAR030
CND0613,Quinn Williams,IL,Multiracial,Man,37,State,False,Won,PAR016
CND0614,Taylor Moore,AZ,Black,Woman,28,Federal,True,Won,PAR025
CND0615,Hayden Anderson,TX,Indigenous,Woman,53,Local,False,Lost,PAR030
CND0616,Jamie Hernandez,FL,Indigenous,Man,36,State,False,Won,PAR060
CND0617,Avery Lopez,NC,Indigenous,Man,36,Local,True,TBD,PAR039
CND0618,Avery Anderson,NM,White,Man,41,State,True,Won,PAR052
CND0619,Hayden Lopez,OH,White,Woman,39,State,False,Lost,PAR053
CND0620,Morgan Patel,GA,Black,Man,37,Local,False,Won,PAR022
CND0621,Chris Johnson,FL,Latinx,Man,30,State,False,Lost,PAR059
CND0622,Chris Jackson,MO,White,Woman,39,Local,True,Lost,PAR075
CND0623,Sam Lopez,NM,White,Nonbinary,49,State,False,TBD,PAR049
CND0624,Casey Moore,NC,Latinx,Woman,45,State,False,TBD,PAR038
CND0625,Quinn Nguyen,PA,Black,Man,47,Local,False,Won,PAR018
CND0626,Skyler Davis,FL,AAPI,Woman,32,Local,False,Lost,PAR060
CND0627,Rowan Lee,PA,White,Man,29,Local,True,TBD,PAR017
CND0628,Reese Brown,OH,White,Nonbinary,35,State,False,Won,PAR056
CND0629,Hayden Nguyen,NC,White,Woman,36,Federal,True,TBD,PAR038
CND0630,Chris Lewis,WA,White,Woman,43,Local,True,Lost,PAR066
CND0631,Parker Anderson,NY,Black,Man,24,Local,True,Lost,PAR041
CND0632,Reese Johnson,NM,Latinx,Woman,46,Local,False,Lost,PAR051
CND0633,Parker Garcia,MI,Latinx,Man,34,Local,True,Won,PAR007
CND0634,Rowan Thompson,WI,White,Woman,33,Local,True,TBD,PAR004
CND0635,Quinn Williams,VA,White,Man,28,Local,True,TBD,PAR062
CND0636,Rowan Thomas,OR,Black,Man,24,Local,True,TBD,PAR071
CND0637,Morgan Patel,NM,Multiracial,Man,41,State,True,TBD,PAR049
CND0638,Devon Lopez,FL,White,Woman,36,Local,True,TBD,PAR059
CND0639,Jordan Nguyen,TX,Multiracial,Man,26,State,True,TBD,PAR029
CND0640,Sam Jackson,VA,Multiracial,Woman,26,Local,False,Won,PAR062
CND0641,Reese Brown,PA,White,Woman,33,State,True,Lost,PAR019
CND0642,Chris Lopez,OH,AAPI,Woman,47,Local,True,Won,PAR053
CND0643,Reese Brown,WI,Black,Woman,34,Local,True,Won,PAR003
CND0644,Casey Martin,NC,Black,Man,25,Local,True,Lost,PAR039
CND0645,Devon Clark,TX,Latinx,Man,34,Local,True,Won,PAR031
CND0646,Jamie Jackson,NV,White,Man,34,State,True,TBD,PAR048
CND0647,Jordan Lee,NM,Black,Woman,21,Local,False,TBD,PAR052
CND0648,Reese Jackson,NV,Latinx,Man,35,State,True,Won,PAR045
CND0649,Riley Lopez,NC,White,Woman,34,Local,True,Lost,PAR038
CND0650,Morgan Patel,NC,Black,Man,40,Federal,True,Won,PAR040
CND0651,Avery Clark,WI,Latinx,Woman,48,State,False,TBD,PAR004
CND0652,Rowan Nguyen,NY,Black,Man,43,Local,True,Won,PAR043
CND0653,Jamie Lee,WI,Indigenous,Woman,34,Local,False,TBD,PAR003
CND0654,Devon Thomas,NY,Latinx,Man,28,Local,True,Won,PAR044
CND0655,Morgan Martin,GA,White,Woman,54,Local,False,TBD,PAR022
CND0656,Alex Lopez,MO,White,Man,36,State,True,Won,PAR076
CND0657,Parker Moore,WI,White,Woman,36,State,False,Won,PAR004
CND0658,Jordan Lee,FL,Black,Woman,35,Local,True,TBD,PAR057
CND0659,Riley Martinez,NM,Latinx,Man,37,Local,False,Lost,PAR051
CND0660,Jordan Davis,FL,Black,Man,34,State,True,TBD,PAR059
CND0661,Avery Clark,WA,Black,Woman,31,Local,True,TBD,PAR068
CND0662,Sam Martinez,MN,Black,Woman,32,Local,True,TBD,PAR010
CND0663,Elliot Lewis,MN,Latinx,Man,35,Federal,True,Lost,PAR011
CND0664,Jamie Martin,IL,Black,Woman,32,State,True,Lost,PAR016
CND0665,Taylor Martinez,PA,Black,Man,31,Local,True,Won,PAR019
CND0666,Jamie Garcia,NY,Multiracial,Man,36,Local,True,TBD,PAR043
CND0667,Riley Davis,FL,Multiracial,Woman,34,State,False,Won,PAR057
CND0668,Jordan Clark,GA,Latinx,Man,46,Local,True,TBD,PAR023
CND0669,Taylor Thomas,TX,AAPI,Woman,21,Local,False,TBD,PAR031
CND0670,Quinn Clark,TX,Multiracial,Man,43,Local,False,Won,PAR030
CND0671,Alex Williams,TX,Multiracial,Man,44,Local,False,Won,PAR029
CND0672,Taylor Lopez,NY,Black,Man,21,Local,True,Won,PAR044
CND0673,Devon Lewis,MO,AAPI,Woman,33,Local,True,Won,PAR075
CND0674,Jamie Patel,PA,White,Man,33,State,True,Lost,PAR020
CND0675,Sam Davis,OH,White,Woman,26,Local,False,TBD,PAR055
CND0676,Quinn Brown,VA,White,Woman,30,Local,False,Won,PAR062
CND0677,Parker Anderson,NM,AAPI,Woman,28,Local,True,TBD,PAR050
CND0678,Jordan White,VA,Black,Woman,48,Local,True,TBD,PAR062
CND0679,Reese Hernandez,OH,Black,Man,42,State,False,Won,PAR054
CND0680,Skyler Jackson,MN,White,Woman,44,Local,True,TBD,PAR010
CND0681,Jamie Brown,TX,AAPI,Man,41,Local,True,Won,PAR031
CND0682,Riley Martinez,NY,AAPI,Man,28,Local,False,Lost,PAR044
CND0683,Rowan Davis,MI,Latinx,Man,32,Federal,True,Lost,PAR006
CND0684,Elliot Nguyen,WI,AAPI,Woman,39,Local,True,Won,PAR002
CND0685,Jordan Davis,PA,White,Man,27,State,True,Won,PAR019
CND0686,Elliot Martinez,NC,Black,Man,40,State,True,Won,PAR039
CND0687,Casey Moore,TX,Black,Man,34,State,True,TBD,PAR030
CND0688,Parker Brown,FL,Latinx,Woman,33,Local,True,TBD,PAR057
CND0689,Avery Davis,NY,AAPI,Woman,40,Local,False,TBD,PAR044
CND0690,Taylor Lewis,VA,White,Woman,39,Local,True,TBD,PAR064
CND0691,Cameron Williams,MN,AAPI,Woman,33,Local,True,TBD,PAR010
CND0692,Alex Brown,NY,Latinx,Woman,44,Local,True,TBD,PAR044
CND0693,Quinn Brown,MI,White,Man,28,Local,True,Lost,PAR008
CND0694,Sam Moore,PA,White,Man,40,Federal,True,TBD,PAR019
CND0695,Avery Anderson,VA,Latinx,Man,40,Local,True,Lost,PAR061
CND0696,Casey Garcia,WA,White,Man,33,Local,True,Lost,PAR068
CND0697,Jamie Martin,CO,White,Woman,38,Local,True,Lost,PAR036
CND0698,Jordan Brown,MI,White,Woman,27,Local,True,Lost,PAR008
CND0699,Hayden White,MI,Latinx,Woman,42,State,True,TBD,PAR006
CND0700,Taylor Lopez,OR,AAPI,Man,34,Local,True,Won,PAR069
CND0701,Cameron Davis,WA,Latinx,Woman,32,Local,False,TBD,PAR067
CND0702,Jordan Anderson,NY,Multiracial,Man,43,State,False,Lost,PAR042
CND0703,Jordan Thompson,WI,AAPI,Woman,31,Local,True,TBD,PAR003
CND0704,Riley White,OR,AAPI,Woman,26,State,True,TBD,PAR070
CND0705,Avery Martin,GA,White,Woman,25,State,True,TBD,PAR024
CND0706,Sam Williams,MO,Latinx,Woman,40,Local,True,Lost,PAR076
CND0707,Reese Moore,NY,White,Man,27,Local,True,TBD,PAR041
CND0708,Casey Thomas,OH,Latinx,Woman,48,State,False,TBD,PAR055
CND0709,Avery Thompson,OH,Multiracial,Woman,21,Local,True,Won,PAR056
CND0710,Chris Lopez,TX,White,Woman,47,State,True,Won,PAR031
CND0711,Rowan Anderson,MI,AAPI,Man,37,Local,True,Won,PAR005
CND0712,Jordan Brown,PA,Latinx,Man,35,Local,True,Lost,PAR018
CND0713,Alex Moore,GA,Latinx,Nonbinary,32,Local,True,Won,PAR024
CND0714,Morgan Lewis,FL,AAPI,Woman,38,State,True,TBD,PAR058
CND0715,Jordan Williams,TX,White,Man,35,State,True,Lost,PAR031
CND0716,Sam Thompson,WA,AAPI,Man,43,Local,True,Lost,PAR065
CND0717,Quinn Hernandez,AZ,White,Man,36,Local,False,TBD,PAR028
CND0718,Morgan Lewis,OH,White,Man,37,State,True,TBD,PAR055
CND0719,Rowan Johnson,IL,White,Man,33,Local,True,Won,PAR016
CND0720,Avery Thompson,MO,Latinx,Man,35,Local,False,Lost,PAR074
CND0721,Jamie Martin,OH,Multiracial,Woman,38,Local,False,Lost,PAR053
CND0722,Quinn Moore,NC,Latinx,Man,24,Local,True,Lost,PAR038
CND0723,Casey Thomas,MO,AAPI,Woman,26,Local,True,TBD,PAR076
CND0724,Quinn Williams,MI,White,Woman,41,Local,True,Lost,PAR008
CND0725,Drew Nguyen,TX,AAPI,Woman,37,Local,True,TBD,PAR031
CND0726,Quinn Hernandez,FL,Black,Man,34,Local,True,Won,PAR060
CND0727,Taylor White,AZ,White,Man,36,Local,True,TBD,PAR026
CND0728,Rowan Davis,FL,Latinx,Woman,38,Local,True,Won,PAR057
CND0729,Jordan Thomas,OR,Indigenous,Woman,32,Local,True,Won,PAR071
CND0730,Morgan Brown,TX,Latinx,Man,30,State,False,Won,PAR029
CND0731,Devon Davis,FL,White,Man,37,Local,True,TBD,PAR060
CND0732,Morgan Patel,WI,Multiracial,Woman,29,Local,True,Lost,PAR004
CND0733,Cameron Lewis,GA,Black,Woman,38,Local,True,Lost,PAR023
CND0734,Chris Lopez,MO,Black,Woman,24,Local,True,TBD,PAR073
CND0735,Rowan Williams,NC,Latinx,Woman,43,Local,True,Lost,PAR038
CND0736,Skyler Garcia,AZ,White,Man,39,Local,False,Lost,PAR026
CND0737,Riley White,OR,White,Man,37,Local,True,TBD,PAR069
CND0738,Reese Martinez,TX,Latinx,Man,42,State,True,TBD,PAR029
CND0739,Avery Johnson,NM,Black,Woman,47,Local,True,Won,PAR049
CND0740,Taylor White,NM,White,Woman,43,Local,True,Lost,PAR052
CND0741,Avery Lopez,MN,White,Woman,23,State,True,Won,PAR011
CND0742,Hayden Thomas,NV,AAPI,Man,27,Local,False,Won,PAR046
CND0743,Taylor Williams,FL,White,Woman,31,Local,False,Won,PAR060
CND0744,Riley White,OH,Black,Man,36,State,False,Won,PAR054
CND0745,Morgan Lewis,MN,White,Woman,39,State,True,Won,PAR012
CND0746,Skyler Garcia,IL,Latinx,Woman,30,Local,True,Lost,PAR015
CND0747,Reese Williams,OH,White,Woman,37,Local,True,Lost,PAR056
CND0748,Drew Lewis,NV,White,Woman,30,Local,False,TBD,PAR045
CND0749,Drew Moore,OH,White,Woman,31,Local,True,TBD,PAR054
CND0750,Avery Patel,GA,Black,Woman,26,Local,True,Won,PAR024
CND0751,Parker Moore,MN,White,Man,29,State,False,Lost,PAR011
CND0752,Chris Moore,WI,White,Man,26,Local,True,TBD,PAR003
CND0753,Parker White,GA,Black,Woman,29,Local,False,TBD,PAR022
CND0754,Reese Martinez,AZ,White,Woman,43,Local,True,Won,PAR028
CND0755,Casey Lee,GA,Black,Man,29,Local,True,TBD,PAR024
CND0756,Morgan Patel,IL,Multiracial,Woman,54,Local,True,Won,PAR016
CND0757,Alex White,PA,White,Man,39,Local,True,Won,PAR017
CND0758,Elliot Moore,CO,Black,Woman,37,State,True,TBD,PAR036
CND0759,Chris Clark,NY,White,Man,29,State,False,Lost,PAR043
CND0760,Jordan Brown,TX,Latinx,Woman,40,State,True,Lost,PAR030
CND0761,Drew Martin,WI,Black,Man,31,Local,True,Won,PAR001
CND0762,Chris Jackson,AZ,Latinx,Man,36,Local,True,TBD,PAR026
CND0763,Cameron Martin,MN,Latinx,Woman,53,Local,False,Lost,PAR010
CND0764,Cameron Garcia,NY,AAPI,Woman,35,Local,True,Lost,PAR041
CND0765,Taylor Lee,AZ,White,Woman,44,State,True,Won,PAR025
CND0766,Cameron Thompson,TX,Black,Man,31,Local,True,Lost,PAR029
CND0767,Jamie Martinez,GA,White,Woman,35,State,True,Lost,PAR023
CND0768,Chris Patel,TX,Latinx,Woman,48,Local,True,Lost,PAR032
CND0769,Hayden Lee,MN,White,Man,31,Local,True,TBD,PAR012
CND0770,Reese Davis,WA,White,Man,48,State,True,Won,PAR066
CND0771,Jamie Jackson,WA,Black,Woman,40,Local,False,Won,PAR067
CND0772,Skyler Nguyen,MO,White,Man,32,Local,True,TBD,PAR076
CND0773,Sam White,NY,Latinx,Woman,40,Local,True,Won,PAR044
CND0774,Quinn Brown,PA,White,Woman,42,State,False,Lost,PAR018
CND0775,Alex Nguyen,TX,White,Man,40,Local,True,Lost,PAR029
CND0776,Riley Lee,IL,Black,Man,25,State,False,TBD,PAR013
CND0777,Skyler Garcia,GA,Multiracial,Man,30,State,False,TBD,PAR024
CND0778,Jamie Moore,NC,AAPI,Man,34,State,True,TBD,PAR039
CND0779,Riley Martinez,MI,White,Man,35,Federal,True,Lost,PAR008
CND0780,Avery Nguyen,TX,Latinx,Woman,40,Local,True,TBD,PAR029
CND0781,Drew Johnson,TX,Black,Woman,37,Local,False,TBD,PAR031
CND0782,Casey White,NC,AAPI,Nonbinary,26,Local,True,TBD,PAR038
CND0783,Drew Martinez,MI,Black,Woman,38,State,True,Lost,PAR006
CND0784,Taylor Lewis,GA,Black,Woman,40,State,False,Lost,PAR024
CND0785,Sam Thompson,GA,White,Man,39,Local,False,TBD,PAR023
CND0786,Jamie Williams,NV,White,Man,43,Local,False,TBD,PAR046
CND0787,Morgan Thompson,NY,AAPI,Man,41,Local,False,TBD,PAR042
CND0788,Jordan Lopez,PA,Latinx,Man,39,State,True,Lost,PAR020
CND0789,Alex White,MN,White,Woman,35,Local,True,TBD,PAR011
CND0790,Chris Williams,GA,Latinx,Man,24,State,True,Lost,PAR023
CND0791,Casey Jackson,OR,AAPI,Man,39,Local,True,TBD,PAR069
CND0792,Jordan Hernandez,AZ,Latinx,Woman,37,Local,False,TBD,PAR028
CND0793,Reese Brown,NV,White,Nonbinary,37,Local,False,Won,PAR045
CND0794,Hayden Thomas,FL,Latinx,Woman,27,State,True,TBD,PAR057
CND0795,Riley Moore,AZ,Multiracial,Man,28,Local,True,Lost,PAR028
CND0796,Alex Jackson,AZ,White,Nonbinary,43,State,True,TBD,PAR027
CND0797,Alex Nguyen,FL,Latinx,Man,35,Local,True,Lost,PAR060
CND0798,Chris Clark,VA,Black,Man,40,Local,True,Won,PAR062
CND0799,Chris Thomas,MO,White,Man,36,Local,True,Won,PAR076
CND0800,Hayden Thompson,IL,White,Man,36,Local,False,Won,PAR014
CND0801,Devon Brown,AZ,White,Woman,42,State,True,Won,PAR025
CND0802,Morgan Garcia,OR,AAPI,Woman,32,Local,True,TBD,PAR072
CND0803,Parker Lopez,PA,AAPI,Woman,36,Federal,True,Won,PAR019
CND0804,Hayden Anderson,GA,Multiracial,Man,32,Local,True,TBD,PAR024
CND0805,Parker Lewis,MO,Black,Man,32,Local,False,TBD,PAR076
CND0806,Casey Anderson,MO,White,Man,33,Local,True,Won,PAR074
CND0807,Devon Martin,GA,White,Woman,37,Local,True,Won,PAR022
CND0808,Cameron Martin,OH,Latinx,Man,32,Local,True,TBD,PAR055
CND0809,Avery Hernandez,NC,White,Woman,44,State,False,TBD,PAR038
CND0810,Jordan Lewis,NY,White,Woman,29,Federal,True,Won,PAR042
CND0811,Jamie Garcia,GA,Latinx,Man,34,State,True,Lost,PAR021
CND0812,Chris Moore,TX,White,Woman,32,State,True,Won,PAR031
CND0813,Drew Clark,FL,Multiracial,Man,46,Local,True,Lost,PAR060
CND0814,Devon Nguyen,TX,White,Man,37,State,True,Won,PAR029
CND0815,Elliot Lopez,MN,Latinx,Man,43,Local,False,TBD,PAR010
CND0816,Casey Williams,NY,White,Woman,25,Local,True,Won,PAR044
CND0817,Parker Martinez,NY,White,Woman,37,State,True,TBD,PAR044
CND0818,Hayden Anderson,NY,White,Woman,42,Federal,False,Lost,PAR044
CND0819,Alex Anderson,OH,White,Man,36,State,True,Lost,PAR056
CND0820,Alex Brown,NY,AAPI,Man,43,Local,True,TBD,PAR043
CND0821,Jordan Martin,OR,Black,Woman,32,State,False,TBD,PAR069
CND0822,Chris Moore,CO,White,Man,45,Federal,False,Won,PAR034
CND0823,Parker Martinez,OH,Multiracial,Man,52,State,False,TBD,PAR054
CND0824,Hayden Martinez,TX,White,Nonbinary,33,State,False,Won,PAR029
CND0825,Skyler Moore,GA,Latinx,Woman,32,Local,True,Won,PAR021
CND0826,Chris Anderson,OH,Multiracial,Woman,46,State,False,Lost,PAR055
CND0827,Avery Anderson,FL,Latinx,Woman,47,State,True,TBD,PAR060
CND0828,Jordan Lewis,FL,Multiracial,Man,32,State,True,Lost,PAR057
CND0829,Rowan Hernandez,TX,Latinx,Woman,33,Local,False,Won,PAR031
CND0830,Reese Nguyen,NC,White,Woman,34,Local,False,Lost,PAR037
CND0831,Drew Hernandez,NV,Black,Man,26,Local,True,Lost,PAR045
CND0832,Quinn Brown,GA,White,Woman,29,Federal,True,Won,PAR022
CND0833,Chris Davis,NM,White,Woman,28,State,False,Lost,PAR051
CND0834,Avery Thompson,OH,Black,Woman,30,Local,True,TBD,PAR053
CND0835,Casey Thomas,FL,Black,Man,35,Local,True,Lost,PAR059
CND0836,Parker White,MI,Black,Nonbinary,37,State,True,Won,PAR008
CND0837,Jordan Martin,MO,Black,Man,46,Local,True,Lost,PAR074
CND0838,Hayden Brown,CO,Latinx,Woman,29,Local,True,Won,PAR035
CND0839,Reese Davis,TX,White,Man,42,Federal,True,Lost,PAR031
CND0840,Sam Williams,NC,White,Man,34,Local,False,Won,PAR037
CND0841,Reese Patel,OR,Black,Woman,35,Federal,False,TBD,PAR069
CND0842,Riley Martinez,OH,Black,Woman,40,Local,True,Lost,PAR054
CND0843,Cameron Hernandez,NY,White,Man,28,Local,True,Lost,PAR044
CND0844,Jordan Johnson,FL,White,Woman,38,State,True,TBD,PAR059
CND0845,Morgan Lee,AZ,Latinx,Woman,37,State,True,Lost,PAR027
CND0846,Casey Thomas,WA,Latinx,Woman,39,State,True,Lost,PAR067
CND0847,Cameron Davis,NY,White,Man,38,Local,True,TBD,PAR043
CND0848,Taylor Clark,NV,Black,Woman,53,Local,True,TBD,PAR048
CND0849,Devon Thomas,MN,Latinx,Woman,31,Local,False,Lost,PAR010
CND0850,Avery Martin,FL,Multiracial,Woman,32,State,True,TBD,PAR060
CND0851,Parker Hernandez,NM,Indigenous,Man,31,State,True,Lost,PAR051
CND0852,Hayden Patel,AZ,Indigenous,Woman,32,Local,False,Won,PAR025
CND0853,Avery Moore,NM,White,Woman,31,Local,True,Lost,PAR051
CND0854,Rowan Lewis,MI,Black,Man,44,Local,False,Lost,PAR005
CND0855,Hayden Jackson,MO,Latinx,Woman,45,Local,True,TBD,PAR074
CND0856,Morgan Martinez,NM,Latinx,Woman,32,State,True,Won,PAR051
CND0857,Casey Lee,TX,Latinx,Man,30,State,True,Won,PAR030
CND0858,Devon Hernandez,OH,Multiracial,Woman,39,Local,True,Lost,PAR054
CND0859,Devon Anderson,MO,Multiracial,Man,32,Local,True,Lost,PAR073
CND0860,Cameron Brown,TX,White,Woman,40,Local,False,Lost,PAR029
CND0861,Chris Moore,WI,White,Nonbinary,37,State,False,TBD,PAR001
CND0862,Riley Thomas,GA,AAPI,Man,25,Local,False,Lost,PAR023
CND0863,Riley Martin,NC,White,Man,46,State,True,Lost,PAR038
CND0864,Morgan Davis,NC,Indigenous,Woman,48,Local,True,TBD,PAR038
CND0865,Morgan Moore,NY,Multiracial,Woman,31,Local,True,TBD,PAR044
CND0866,Rowan Nguyen,NY,Black,Woman,33,Local,False,TBD,PAR042
CND0867,Jordan Nguyen,CO,White,Man,38,Local,True,Won,PAR034
CND0868,Devon Patel,TX,Black,Man,38,Local,False,Won,PAR029
CND0869,Casey Thompson,FL,White,Man,40,State,True,TBD,PAR057
CND0870,Elliot Lee,NY,AAPI,Woman,50,Local,True,TBD,PAR044
CND0871,Reese Williams,NC,Black,Woman,34,Local,True,Won,PAR037
CND0872,Riley Moore,AZ,Black,Woman,30,Local,True,TBD,PAR026
CND0873,Drew Hernandez,WI,White,Nonbinary,26,Local,False,Won,PAR001
CND0874,Devon Williams,MN,Black,Man,30,State,False,Won,PAR011
CND0875,Drew Lewis,TX,White,Man,35,State,True,Lost,PAR032
CND0876,Cameron Garcia,MO,AAPI,Woman,48,Local,True,Won,PAR075
CND0877,Skyler Garcia,MN,AAPI,Woman,32,Local,True,Won,PAR010
CND0878,Morgan Moore,OR,Multiracial,Woman,37,Local,False,Lost,PAR072
CND0879,Jamie Williams,IL,White,Man,35,Federal,True,TBD,PAR015
CND0880,Elliot Martinez,GA,Latinx,Man,44,Local,True,Lost,PAR022
CND0881,Riley Garcia,CO,White,Woman,53,Local,True,Won,PAR033
CND0882,Casey Nguyen,PA,Black,Nonbinary,32,Local,True,Won,PAR019
CND0883,Quinn Williams,NC,Latinx,Man,32,State,True,TBD,PAR039
CND0884,Casey Moore,CO,Latinx,Man,43,Local,True,TBD,PAR036
CND0885,Sam Garcia,TX,White,Woman,40,Local,True,Lost,PAR029
CND0886,Sam Martin,OH,Black,Woman,48,Local,True,Won,PAR054
CND0887,Skyler Martin,GA,White,Woman,40,Local,False,TBD,PAR022
CND0888,Taylor Johnson,GA,White,Man,33,Local,True,TBD,PAR023
CND0889,Quinn Lopez,FL,White,Woman,40,State,True,TBD,PAR058
CND0890,Morgan Lee,MN,Multiracial,Man,43,State,True,Won,PAR011
CND0891,Riley Moore,VA,Multiracial,Woman,41,Local,True,Won,PAR064
CND0892,Rowan Brown,NM,AAPI,Woman,39,Local,True,Won,PAR049
CND0893,Devon Thomas,NM,White,Woman,43,Local,True,Won,PAR051
CND0894,Drew Davis,PA,Latinx,Man,44,Local,True,TBD,PAR018
CND0895,Sam Johnson,MO,White,Woman,45,Local,False,TBD,PAR074
CND0896,Parker Anderson,GA,Black,Woman,40,State,True,Lost,PAR024
CND0897,Chris Thomas,PA,Latinx,Woman,34,Local,True,Lost,PAR018
CND0898,Skyler Clark,PA,White,Man,37,Local,False,Won,PAR017
CND0899,Riley Davis,NY,Black,Man,44,Local,True,TBD,PAR043
CND0900,Devon White,OR,White,Woman,30,Federal,True,Lost,PAR070
CND0901,Reese Johnson,PA,AAPI,Woman,38,Local,False,TBD,PAR020
CND0902,Sam Thompson,TX,Latinx,Nonbinary,33,Local,False,Won,PAR032
CND0903,Alex Thompson,PA,Black,Man,36,Local,False,Won,PAR017
CND0904,Parker Hernandez,NM,Latinx,Man,44,Local,True,Won,PAR052
CND0905,Cameron Jackson,TX,Latinx,Man,37,Local,True,TBD,PAR029
CND0906,Drew Moore,WI,Multiracial,Nonbinary,36,Local,True,Lost,PAR002
CND0907,Alex Martin,NV,White,Man,26,Local,True,TBD,PAR046
CND0908,Taylor Martinez,PA,Latinx,Man,41,State,True,TBD,PAR020
CND0909,Alex Martinez,NY,Black,Woman,40,Local,True,Lost,PAR041
CND0910,Quinn Nguyen,TX,White,Woman,51,Local,True,Won,PAR032
CND0911,Avery Moore,OH,White,Man,33,State,False,Lost,PAR054
CND0912,Skyler Nguyen,PA,Latinx,Nonbinary,37,Local,False,Lost,PAR017
CND0913,Jamie Clark,OH,Black,Woman,37,Local,True,Won,PAR056
CND0914,Avery Johnson,FL,Black,Man,47,State,False,Won,PAR060
CND0915,Alex Williams,MI,Multiracial,Man,35,Local,True,Won,PAR005
CND0916,Hayden Davis,MN,White,Woman,37,State,False,TBD,PAR011
CND0917,Drew Brown,VA,Latinx,Woman,40,State,True,Won,PAR063
CND0918,Reese Hernandez,PA,Multiracial,Man,37,Local,False,TBD,PAR019
CND0919,Sam Lewis,AZ,AAPI,Man,32,State,True,Won,PAR028
CND0920,Jamie Patel,CO,White,Man,37,State,False,Won,PAR035
CND0921,Reese Lee,GA,Multiracial,Man,43,Local,False,TBD,PAR024
CND0922,Sam Nguyen,VA,Multiracial,Man,28,State,True,Won,PAR061
CND0923,Devon Moore,NY,White,Woman,36,State,False,Won,PAR042
CND0924,Parker Hernandez,NV,Latinx,Woman,31,State,False,Won,PAR047
CND0925,Quinn Martin,NY,Indigenous,Man,44,State,True,Lost,PAR043
CND0926,Chris Brown,NV,Latinx,Man,25,Local,False,Lost,PAR047
CND0927,Drew Martin,NY,White,Man,32,Local,True,TBD,PAR044
CND0928,Alex Nguyen,AZ,White,Man,38,State,True,Won,PAR027
CND0929,Elliot Nguyen,VA,White,Woman,46,Local,False,TBD,PAR061
CND0930,Avery Martinez,NV,White,Man,35,State,False,Lost,PAR048
CND0931,Quinn Martin,FL,Black,Man,32,Federal,True,TBD,PAR060
CND0932,Cameron Anderson,OH,Black,Woman,49,Local,True,Lost,PAR056
CND0933,Parker White,GA,Black,Man,25,Local,True,TBD,PAR022
CND0934,Rowan Davis,NV,Latinx,Nonbinary,21,Federal,True,TBD,PAR047
CND0935,Rowan Brown,MN,AAPI,Man,39,Local,True,Lost,PAR012
CND0936,Hayden Nguyen,IL,White,Woman,32,Local,False,TBD,PAR015
CND0937,Jamie Davis,MN,AAPI,Man,28,Local,True,Won,PAR012
CND0938,Devon Lopez,GA,Black,Woman,40,State,True,Won,PAR021
CND0939,Parker Brown,PA,Black,Man,37,Federal,True,Won,PAR020
CND0940,Rowan Lee,OH,Latinx,Man,32,Local,False,TBD,PAR054
CND0941,Sam Nguyen,NC,Latinx,Man,27,Local,True,Won,PAR037
CND0942,Morgan Garcia,TX,Multiracial,Woman,42,Local,True,Won,PAR032
CND0943,Jordan Martin,IL,AAPI,Man,40,Local,True,Won,PAR016
CND0944,Jamie Jackson,TX,Multiracial,Woman,35,State,True,Won,PAR032
CND0945,Taylor Nguyen,PA,Latinx,Man,48,State,True,Lost,PAR018
CND0946,Cameron Nguyen,NV,White,Man,28,Local,True,Won,PAR047
CND0947,Parker Nguyen,OH,White,Man,25,State,True,Won,PAR053
CND0948,Cameron Lee,NM,Latinx,Woman,31,State,False,Lost,PAR049
CND0949,Skyler Martin,MO,Multiracial,Woman,35,Local,True,TBD,PAR074
CND0950,Cameron Moore,NY,Multiracial,Woman,37,Local,False,Won,PAR044
CND0951,Quinn Martin,NC,Black,Woman,34,State,True,TBD,PAR039
CND0952,Sam Hernandez,IL,AAPI,Man,38,Local,True,Lost,PAR015
CND0953,Reese Anderson,GA,White,Man,27,Federal,True,TBD,PAR021
CND0954,Morgan Hernandez,CO,White,Woman,46,State,True,Won,PAR035
CND0955,Jordan Thomas,MI,Latinx,Woman,35,Local,True,TBD,PAR005
CND0956,Riley Lopez,AZ,White,Woman,43,Local,True,Won,PAR025
CND0957,Devon Garcia,WI,Latinx,Woman,38,Local,True,TBD,PAR004
CND0958,Taylor Thompson,IL,White,Woman,39,State,True,Lost,PAR016
CND0959,Jamie Clark,FL,Multiracial,Woman,39,Local,True,Lost,PAR057
CND0960,Jordan Jackson,MO,White,Woman,39,Local,False,Lost,PAR074
CND0961,Taylor Thomas,NC,AAPI,Woman,40,State,False,TBD,PAR038
CND0962,Cameron Thomas,NC,Black,Woman,45,State,False,Lost,PAR037
CND0963,Drew Jackson,OH,Black,Man,37,Local,True,Lost,PAR056
CND0964,Jordan Williams,TX,AAPI,Man,40,Local,True,Won,PAR029
CND0965,Parker Lopez,FL,AAPI,Man,35,Local,True,Won,PAR059
CND0966,Alex Lee,NC,Latinx,Man,46,Local,False,Lost,PAR037
CND0967,Casey Thomas,MN,Latinx,Woman,31,Local,True,Won,PAR012
CND0968,Skyler Thompson,WI,White,Man,48,Local,True,Lost,PAR004
CND0969,Alex Hernandez,FL,White,Man,35,Local,False,TBD,PAR059
CND0970,Skyler Johnson,GA,White,Man,25,Local,True,Won,PAR022
CND0971,Jamie Davis,GA,White,Woman,36,Local,True,TBD,PAR021
CND0972,Hayden Nguyen,NY,White,Woman,31,Local,True,Won,PAR043
CND0973,Avery Moore,PA,Multiracial,Woman,41,Local,True,Won,PAR018
CND0974,Chris Williams,CO,Latinx,Woman,31,Local,False,Lost,PAR033
CND0975,Jordan Thompson,OH,White,Woman,32,State,True,TBD,PAR053
CND0976,Avery Williams,FL,Latinx,Woman,22,Local,True,Lost,PAR060
CND0977,Rowan Martin,NY,White,Woman,32,Local,True,Won,PAR044
CND0978,Hayden Martin,MN,Latinx,Woman,21,Local,True,Won,PAR011
CND0979,Taylor Clark,MN,White,Nonbinary,24,Local,True,Lost,PAR009
CND0980,Rowan Moore,FL,Black,Woman,41,Local,True,Lost,PAR058
CND0981,Morgan Davis,FL,Latinx,Man,41,State,True,Lost,PAR057
CND0982,Devon Thompson,TX,White,Woman,38,Local,True,TBD,PAR031
CND0983,Morgan Brown,FL,AAPI,Man,29,Local,True,Lost,PAR059
CND0984,Morgan Lee,MI,Black,Woman,35,Local,True,Won,PAR008
CND0985,Sam Patel,OH,White,Man,35,Local,False,Lost,PAR054
CND0986,Drew Martinez,NY,White,Woman,27,Local,True,TBD,PAR042
CND0987,Jamie Jackson,MO,White,Man,46,Local,False,Lost,PAR074
CND0988,Jordan Hernandez,MN,Multiracial,Woman,42,Local,True,Lost,PAR011
CND0989,Devon Thompson,FL,Indigenous,Man,34,State,False,Won,PAR059
CND0990,Riley Williams,OH,White,Man,36,Local,False,Lost,PAR055
CND0991,Avery Garcia,GA,Black,Man,37,State,True,Won,PAR024
CND0992,Quinn White,MO,White,Nonbinary,21,State,True,Won,PAR076
CND0993,Cameron Anderson,CO,Multiracial,Woman,34,Local,True,Won,PAR035
CND0994,Quinn Clark,AZ,White,Man,31,State,True,Lost,PAR025
CND0995,Casey White,FL,Black,Woman,28,State,True,Lost,PAR059
CND0996,Taylor Davis,TX,Latinx,Woman,34,State,True,Lost,PAR030
CND0997,Jordan Johnson,MO,Black,Woman,48,Local,True,Lost,PAR073
CND0998,Elliot Williams,FL,Latinx,Woman,40,State,True,Won,PAR058
CND0999,Drew Martinez,PA,Black,Man,32,Local,False,Won,PAR019
CND1000,Rowan Nguyen,FL,Multiracial,Woman,40,State,True,Lost,PAR060
